OrderID,Product,Category,Quantity,Price,Region,OrderDate,Revenue
1,Bag,Men,1,2151,West,2023-01-01,2151
2,Watch,Men,2,1636,East,2023-01-02,3272
3,Jeans,Unisex,4,3310,East,2023-01-03,13240
4,Watch,Women,3,975,East,2023-01-04,2925
5,Watch,Men,4,3310,East,2023-01-05,13240
6,T-shirt,Unisex,1,1826,South,2023-01-06,1826
7,Jeans,Women,4,1519,West,2023-01-07,6076
8,Jeans,Men,3,2336,North,2023-01-08,7008
9,Jeans,Women,4,4756,North,2023-01-09,19024
10,Watch,Unisex,1,2948,South,2023-01-10,2948
11,Bag,Men,2,4793,West,2023-01-11,9586
12,Jeans,Women,4,1783,East,2023-01-12,7132
13,Watch,Men,1,1159,South,2023-01-13,1159
14,T-shirt,Women,1,2510,West,2023-01-14,2510
15,Bag,Unisex,3,898,East,2023-01-15,2694
16,T-shirt,Unisex,3,2233,South,2023-01-16,6699
17,Bag,Men,4,2625,West,2023-01-17,10500
18,Watch,Women,2,2671,North,2023-01-18,5342
19,Shoes,Men,1,574,North,2023-01-19,574
20,Bag,Men,4,3971,West,2023-01-20,15884
21,T-shirt,Women,1,1336,North,2023-01-21,1336
22,Watch,Women,1,999,West,2023-01-22,999
23,Bag,Women,2,637,East,2023-01-23,1274
24,Shoes,Unisex,2,2597,West,2023-01-24,5194
25,Shoes,Men,4,4196,East,2023-01-25,16784
26,Jeans,Men,2,2385,South,2023-01-26,4770
27,Jeans,Unisex,2,3257,West,2023-01-27,6514
28,T-shirt,Women,4,4420,South,2023-01-28,17680
29,Bag,Unisex,2,2400,North,2023-01-29,4800
30,Bag,Unisex,3,3110,East,2023-01-30,9330
31,Jeans,Unisex,1,4486,West,2023-01-31,4486
32,Bag,Men,1,1949,South,2023-02-01,1949
33,Bag,Unisex,1,1046,East,2023-02-02,1046
34,Shoes,Men,1,2503,East,2023-02-03,2503
35,Jeans,Men,4,2596,North,2023-02-04,10384
36,Watch,Men,1,1203,North,2023-02-05,1203
37,Jeans,Women,1,2903,East,2023-02-06,2903
38,Watch,Men,1,2125,East,2023-02-07,2125
39,Shoes,Men,1,3831,West,2023-02-08,3831
40,T-shirt,Women,3,3478,East,2023-02-09,10434
41,Bag,Men,1,3339,West,2023-02-10,3339
42,Shoes,Unisex,3,3884,East,2023-02-11,11652
43,Bag,Unisex,4,3159,North,2023-02-12,12636
44,T-shirt,Men,2,2361,West,2023-02-13,4722
45,T-shirt,Women,1,3356,South,2023-02-14,3356
46,Shoes,Unisex,2,1185,North,2023-02-15,2370
47,T-shirt,Women,2,4783,West,2023-02-16,9566
48,Watch,Women,4,2119,West,2023-02-17,8476
49,T-shirt,Unisex,2,1931,South,2023-02-18,3862
50,Bag,Women,3,1375,West,2023-02-19,4125
51,Bag,Unisex,2,2961,East,2023-02-20,5922
52,Bag,Women,2,1865,South,2023-02-21,3730
53,Bag,Unisex,2,1743,North,2023-02-22,3486
54,Watch,Men,1,662,North,2023-02-23,662
55,Jeans,Unisex,1,2474,East,2023-02-24,2474
56,Shoes,Unisex,3,3791,North,2023-02-25,11373
57,Bag,Unisex,3,769,West,2023-02-26,2307
58,T-shirt,Unisex,1,1131,West,2023-02-27,1131
59,Bag,Women,3,1405,East,2023-02-28,4215
60,T-shirt,Men,1,3971,North,2023-03-01,3971
61,T-shirt,Unisex,4,3753,North,2023-03-02,15012
62,Bag,Women,2,2514,East,2023-03-03,5028
63,Watch,Men,2,2141,South,2023-03-04,4282
64,T-shirt,Men,3,704,North,2023-03-05,2112
65,T-shirt,Men,1,1081,South,2023-03-06,1081
66,Bag,Men,1,1340,North,2023-03-07,1340
67,T-shirt,Unisex,3,2219,North,2023-03-08,6657
68,T-shirt,Unisex,1,3143,North,2023-03-09,3143
69,Bag,Women,4,2797,North,2023-03-10,11188
70,Bag,Women,2,1374,West,2023-03-11,2748
71,Shoes,Women,3,1189,South,2023-03-12,3567
72,Watch,Men,3,4500,South,2023-03-13,13500
73,Watch,Men,1,3641,North,2023-03-14,3641
74,T-shirt,Unisex,3,1922,North,2023-03-15,5766
75,Watch,Men,4,1171,South,2023-03-16,4684
76,T-shirt,Men,1,1671,West,2023-03-17,1671
77,Shoes,Men,1,4226,East,2023-03-18,4226
78,Bag,Women,1,1443,East,2023-03-19,1443
79,Bag,Women,1,1949,South,2023-03-20,1949
80,Bag,Unisex,4,4237,North,2023-03-21,16948
81,Watch,Men,1,3039,North,2023-03-22,3039
82,Shoes,Men,3,4459,West,2023-03-23,13377
83,Watch,Unisex,4,4760,East,2023-03-24,19040
84,Watch,Men,2,2861,West,2023-03-25,5722
85,Shoes,Men,2,4152,East,2023-03-26,8304
86,Shoes,Women,3,4170,South,2023-03-27,12510
87,Shoes,Unisex,3,2253,East,2023-03-28,6759
88,Shoes,Unisex,4,2852,West,2023-03-29,11408
89,Bag,Unisex,2,2438,West,2023-03-30,4876
90,Jeans,Unisex,2,870,West,2023-03-31,1740
91,Jeans,Women,2,4979,South,2023-04-01,9958
92,Shoes,Women,2,2431,East,2023-04-02,4862
93,Jeans,Men,2,924,East,2023-04-03,1848
94,Jeans,Men,1,1394,West,2023-04-04,1394
95,Shoes,Men,3,1097,East,2023-04-05,3291
96,Jeans,Men,1,3562,North,2023-04-06,3562
97,Watch,Women,2,2836,North,2023-04-07,5672
98,T-shirt,Unisex,4,2187,North,2023-04-08,8748
99,T-shirt,Women,4,1072,East,2023-04-09,4288
100,Shoes,Men,2,2590,South,2023-04-10,5180
101,Bag,Women,2,4169,South,2023-04-11,8338
102,Shoes,Unisex,4,4772,South,2023-04-12,19088
103,Bag,Unisex,1,2133,South,2023-04-13,2133
104,T-shirt,Women,1,2017,North,2023-04-14,2017
105,Shoes,Women,2,4793,North,2023-04-15,9586
106,Watch,Women,1,3157,West,2023-04-16,3157
107,Jeans,Men,4,4148,East,2023-04-17,16592
108,Bag,Women,1,4088,East,2023-04-18,4088
109,Jeans,Women,2,2037,South,2023-04-19,4074
110,Jeans,Women,4,3637,North,2023-04-20,14548
111,Shoes,Unisex,1,597,South,2023-04-21,597
112,Jeans,Unisex,3,3715,West,2023-04-22,11145
113,Watch,Men,4,4250,East,2023-04-23,17000
114,Jeans,Men,4,3657,East,2023-04-24,14628
115,Shoes,Unisex,3,843,South,2023-04-25,2529
116,Watch,Unisex,3,1110,West,2023-04-26,3330
117,T-shirt,Unisex,4,2227,East,2023-04-27,8908
118,Jeans,Women,3,2790,West,2023-04-28,8370
119,Shoes,Women,2,2354,West,2023-04-29,4708
120,T-shirt,Unisex,2,3108,South,2023-04-30,6216
121,T-shirt,Women,2,2579,North,2023-05-01,5158
122,Bag,Women,4,2824,South,2023-05-02,11296
123,Watch,Men,3,1677,North,2023-05-03,5031
124,Jeans,Unisex,3,1591,West,2023-05-04,4773
125,Shoes,Unisex,1,3291,North,2023-05-05,3291
126,Bag,Women,1,2249,West,2023-05-06,2249
127,Watch,Unisex,3,3175,East,2023-05-07,9525
128,Bag,Men,3,1281,East,2023-05-08,3843
129,Watch,Men,3,3548,East,2023-05-09,10644
130,Watch,Men,4,2605,South,2023-05-10,10420
131,Jeans,Unisex,3,4367,South,2023-05-11,13101
132,Watch,Unisex,1,2613,West,2023-05-12,2613
133,Bag,Unisex,4,4470,East,2023-05-13,17880
134,Watch,Unisex,3,2491,South,2023-05-14,7473
135,Jeans,Unisex,1,1567,East,2023-05-15,1567
136,Jeans,Men,4,2077,South,2023-05-16,8308
137,Bag,Women,3,1511,North,2023-05-17,4533
138,T-shirt,Men,3,2774,North,2023-05-18,8322
139,T-shirt,Unisex,3,2314,East,2023-05-19,6942
140,Watch,Men,4,2926,West,2023-05-20,11704
141,Shoes,Unisex,1,4902,South,2023-05-21,4902
142,Watch,Unisex,1,3051,South,2023-05-22,3051
143,Bag,Men,2,4157,North,2023-05-23,8314
144,Bag,Unisex,3,507,North,2023-05-24,1521
145,Bag,Women,2,3055,West,2023-05-25,6110
146,Bag,Unisex,2,975,West,2023-05-26,1950
147,Bag,Women,1,2711,West,2023-05-27,2711
148,Jeans,Women,4,984,East,2023-05-28,3936
149,T-shirt,Unisex,4,2785,North,2023-05-29,11140
150,Bag,Men,1,4025,East,2023-05-30,4025
151,Shoes,Women,4,3839,North,2023-05-31,15356
152,Shoes,Men,2,3322,North,2023-06-01,6644
153,Shoes,Women,3,3424,South,2023-06-02,10272
154,Shoes,Unisex,1,758,North,2023-06-03,758
155,Jeans,Unisex,3,782,North,2023-06-04,2346
156,Shoes,Women,4,2398,East,2023-06-05,9592
157,Bag,Unisex,3,4635,North,2023-06-06,13905
158,Watch,Women,4,3476,East,2023-06-07,13904
159,Shoes,Unisex,4,2767,West,2023-06-08,11068
160,Jeans,Men,2,3700,North,2023-06-09,7400
161,Jeans,Unisex,4,1112,North,2023-06-10,4448
162,Shoes,Men,2,1187,East,2023-06-11,2374
163,Watch,Unisex,2,4190,West,2023-06-12,8380
164,Shoes,Men,2,1112,South,2023-06-13,2224
165,Jeans,Unisex,1,2807,West,2023-06-14,2807
166,T-shirt,Men,1,3513,East,2023-06-15,3513
167,Bag,Women,4,2281,West,2023-06-16,9124
168,Jeans,Women,2,3091,East,2023-06-17,6182
169,Shoes,Men,1,3196,East,2023-06-18,3196
170,Bag,Unisex,2,4458,South,2023-06-19,8916
171,Shoes,Men,3,1074,North,2023-06-20,3222
172,Shoes,Unisex,3,2410,East,2023-06-21,7230
173,T-shirt,Women,3,4104,East,2023-06-22,12312
174,Bag,Unisex,4,1169,South,2023-06-23,4676
175,Bag,Women,2,4864,East,2023-06-24,9728
176,T-shirt,Unisex,3,1783,North,2023-06-25,5349
177,Jeans,Unisex,1,1423,South,2023-06-26,1423
178,Shoes,Unisex,3,1625,North,2023-06-27,4875
179,Watch,Men,3,2029,North,2023-06-28,6087
180,Shoes,Men,3,2094,South,2023-06-29,6282
181,Shoes,Women,4,746,East,2023-06-30,2984
182,Jeans,Women,1,4211,North,2023-07-01,4211
183,Shoes,Men,2,2060,North,2023-07-02,4120
184,T-shirt,Women,1,2900,North,2023-07-03,2900
185,T-shirt,Men,2,2743,North,2023-07-04,5486
186,Bag,Unisex,4,4364,South,2023-07-05,17456
187,Watch,Women,4,2439,South,2023-07-06,9756
188,Shoes,Women,4,3569,West,2023-07-07,14276
189,Shoes,Men,4,726,West,2023-07-08,2904
190,Jeans,Women,2,4047,North,2023-07-09,8094
191,T-shirt,Women,3,764,East,2023-07-10,2292
192,Watch,Unisex,2,1895,North,2023-07-11,3790
193,Bag,Women,1,4057,East,2023-07-12,4057
194,T-shirt,Unisex,4,1145,North,2023-07-13,4580
195,Bag,Men,4,3490,West,2023-07-14,13960
196,Jeans,Women,1,2399,West,2023-07-15,2399
197,Jeans,Unisex,2,3004,East,2023-07-16,6008
198,Shoes,Men,3,3272,North,2023-07-17,9816
199,Watch,Women,3,1654,East,2023-07-18,4962
200,Bag,Men,1,1087,West,2023-07-19,1087
201,T-shirt,Women,3,2321,North,2023-07-20,6963
202,Jeans,Men,2,1485,North,2023-07-21,2970
203,Shoes,Men,2,4579,East,2023-07-22,9158
204,Shoes,Unisex,1,3848,South,2023-07-23,3848
205,Bag,Men,2,4331,East,2023-07-24,8662
206,Jeans,Women,4,1741,West,2023-07-25,6964
207,Watch,Women,1,689,West,2023-07-26,689
208,Jeans,Unisex,2,1480,West,2023-07-27,2960
209,Bag,Women,1,2198,West,2023-07-28,2198
210,Bag,Women,3,2215,West,2023-07-29,6645
211,Jeans,Women,2,3093,South,2023-07-30,6186
212,Bag,Men,4,4636,North,2023-07-31,18544
213,Jeans,Men,2,4933,East,2023-08-01,9866
214,T-shirt,Women,1,1598,East,2023-08-02,1598
215,Jeans,Unisex,1,2826,West,2023-08-03,2826
216,Jeans,Men,2,3747,East,2023-08-04,7494
217,Bag,Unisex,4,1395,West,2023-08-05,5580
218,Bag,Women,4,2174,South,2023-08-06,8696
219,Shoes,Women,4,3409,South,2023-08-07,13636
220,Shoes,Men,1,1430,North,2023-08-08,1430
221,T-shirt,Women,2,4884,South,2023-08-09,9768
222,Shoes,Men,3,1223,South,2023-08-10,3669
223,Jeans,Women,1,3440,North,2023-08-11,3440
224,Bag,Women,4,1589,East,2023-08-12,6356
225,Shoes,Men,2,1435,West,2023-08-13,2870
226,Shoes,Men,4,2795,West,2023-08-14,11180
227,T-shirt,Men,3,655,East,2023-08-15,1965
228,T-shirt,Women,4,1570,North,2023-08-16,6280
229,Jeans,Women,4,2458,East,2023-08-17,9832
230,Bag,Unisex,3,3001,South,2023-08-18,9003
231,T-shirt,Men,2,4719,North,2023-08-19,9438
232,Shoes,Women,1,4330,North,2023-08-20,4330
233,Bag,Women,2,1354,North,2023-08-21,2708
234,Bag,Men,3,1139,West,2023-08-22,3417
235,Shoes,Unisex,4,2738,East,2023-08-23,10952
236,T-shirt,Men,2,2102,North,2023-08-24,4204
237,Shoes,Unisex,1,941,North,2023-08-25,941
238,Bag,Women,3,1836,North,2023-08-26,5508
239,Watch,Unisex,2,4200,East,2023-08-27,8400
240,Watch,Women,1,1448,West,2023-08-28,1448
241,Jeans,Men,3,3873,South,2023-08-29,11619
242,Shoes,Men,1,959,West,2023-08-30,959
243,Shoes,Men,3,892,North,2023-08-31,2676
244,Jeans,Unisex,4,4438,West,2023-09-01,17752
245,Jeans,Women,2,2287,West,2023-09-02,4574
246,Jeans,Men,1,2757,South,2023-09-03,2757
247,Bag,Men,3,1638,East,2023-09-04,4914
248,Shoes,Women,1,4308,East,2023-09-05,4308
249,Bag,Men,1,2954,West,2023-09-06,2954
250,Jeans,Women,2,1966,West,2023-09-07,3932
251,Shoes,Women,4,4174,East,2023-09-08,16696
252,Bag,Women,1,1877,East,2023-09-09,1877
253,Bag,Women,3,3097,South,2023-09-10,9291
254,Jeans,Women,3,641,North,2023-09-11,1923
255,Shoes,Unisex,4,3159,West,2023-09-12,12636
256,Jeans,Men,3,1339,East,2023-09-13,4017
257,Shoes,Unisex,4,4118,West,2023-09-14,16472
258,Watch,Men,3,4417,West,2023-09-15,13251
259,T-shirt,Unisex,2,1095,East,2023-09-16,2190
260,T-shirt,Women,1,2404,South,2023-09-17,2404
261,T-shirt,Men,2,780,West,2023-09-18,1560
262,Jeans,Men,1,923,South,2023-09-19,923
263,Watch,Unisex,1,4865,East,2023-09-20,4865
264,Shoes,Unisex,1,4749,North,2023-09-21,4749
265,Bag,Men,2,2250,North,2023-09-22,4500
266,Shoes,Unisex,1,2467,West,2023-09-23,2467
267,Bag,Unisex,2,4588,East,2023-09-24,9176
268,Shoes,Unisex,4,4678,South,2023-09-25,18712
269,Watch,Women,3,3446,West,2023-09-26,10338
270,Bag,Women,3,1949,East,2023-09-27,5847
271,Jeans,Unisex,1,2831,East,2023-09-28,2831
272,Shoes,Unisex,2,2720,South,2023-09-29,5440
273,Shoes,Women,3,4289,West,2023-09-30,12867
274,Bag,Women,2,3310,East,2023-10-01,6620
275,Jeans,Men,2,2031,East,2023-10-02,4062
276,Jeans,Men,1,3490,East,2023-10-03,3490
277,Watch,Women,3,4993,South,2023-10-04,14979
278,Jeans,Unisex,1,1643,West,2023-10-05,1643
279,Jeans,Unisex,1,1433,West,2023-10-06,1433
280,Jeans,Unisex,3,1960,West,2023-10-07,5880
281,T-shirt,Unisex,3,3223,West,2023-10-08,9669
282,Watch,Men,4,3012,North,2023-10-09,12048
283,Shoes,Women,4,785,North,2023-10-10,3140
284,Bag,Unisex,2,764,West,2023-10-11,1528
285,Shoes,Men,3,2867,South,2023-10-12,8601
286,Watch,Unisex,4,3947,North,2023-10-13,15788
287,Bag,Women,2,2262,East,2023-10-14,4524
288,Watch,Men,2,3548,North,2023-10-15,7096
289,Jeans,Women,2,2881,East,2023-10-16,5762
290,Bag,Women,4,2769,West,2023-10-17,11076
291,Jeans,Men,3,540,North,2023-10-18,1620
292,Shoes,Men,1,567,South,2023-10-19,567
293,Shoes,Men,2,1487,North,2023-10-20,2974
294,Bag,Men,4,4508,North,2023-10-21,18032
295,Bag,Men,4,3698,North,2023-10-22,14792
296,Watch,Men,1,3024,West,2023-10-23,3024
297,Watch,Men,1,1585,South,2023-10-24,1585
298,Jeans,Unisex,4,2979,North,2023-10-25,11916
299,Bag,Women,3,2193,South,2023-10-26,6579
300,Shoes,Men,1,2815,West,2023-10-27,2815
301,Watch,Unisex,4,1278,East,2023-10-28,5112
302,Watch,Unisex,1,2085,North,2023-10-29,2085
303,Shoes,Unisex,3,1992,South,2023-10-30,5976
304,Watch,Women,2,1160,South,2023-10-31,2320
305,Jeans,Men,1,1848,West,2023-11-01,1848
306,Bag,Unisex,3,1799,North,2023-11-02,5397
307,Shoes,Women,4,4440,East,2023-11-03,17760
308,Bag,Women,1,2486,South,2023-11-04,2486
309,Watch,Women,1,2544,North,2023-11-05,2544
310,Watch,Unisex,4,4016,East,2023-11-06,16064
311,Shoes,Men,2,1558,South,2023-11-07,3116
312,Jeans,Unisex,4,1476,South,2023-11-08,5904
313,T-shirt,Unisex,1,1227,East,2023-11-09,1227
314,Shoes,Men,4,3027,East,2023-11-10,12108
315,T-shirt,Men,3,3636,West,2023-11-11,10908
316,T-shirt,Men,4,842,North,2023-11-12,3368
317,Jeans,Women,1,1947,North,2023-11-13,1947
318,T-shirt,Men,4,2879,West,2023-11-14,11516
319,T-shirt,Unisex,2,4159,South,2023-11-15,8318
320,Jeans,Men,4,1026,East,2023-11-16,4104
321,T-shirt,Unisex,2,2396,East,2023-11-17,4792
322,T-shirt,Women,3,2573,East,2023-11-18,7719
323,T-shirt,Unisex,2,905,South,2023-11-19,1810
324,Shoes,Unisex,4,2073,East,2023-11-20,8292
325,Shoes,Men,1,4240,East,2023-11-21,4240
326,Shoes,Men,2,4774,West,2023-11-22,9548
327,Jeans,Unisex,3,4727,South,2023-11-23,14181
328,Watch,Men,2,2346,North,2023-11-24,4692
329,T-shirt,Women,2,1978,West,2023-11-25,3956
330,T-shirt,Women,2,2895,West,2023-11-26,5790
331,Jeans,Men,3,1271,North,2023-11-27,3813
332,T-shirt,Women,4,1078,West,2023-11-28,4312
333,Shoes,Men,2,3401,South,2023-11-29,6802
334,Watch,Unisex,2,693,East,2023-11-30,1386
335,Bag,Unisex,1,2507,South,2023-12-01,2507
336,T-shirt,Women,3,1685,North,2023-12-02,5055
337,Shoes,Men,2,2894,North,2023-12-03,5788
338,Bag,Men,3,3498,West,2023-12-04,10494
339,Watch,Women,2,2292,South,2023-12-05,4584
340,Bag,Unisex,4,1610,South,2023-12-06,6440
341,Shoes,Women,4,4505,North,2023-12-07,18020
342,Bag,Unisex,2,2761,South,2023-12-08,5522
343,Jeans,Men,4,4236,North,2023-12-09,16944
344,Bag,Unisex,2,4293,South,2023-12-10,8586
345,T-shirt,Women,4,2436,South,2023-12-11,9744
346,T-shirt,Men,1,4857,South,2023-12-12,4857
347,Jeans,Women,1,1229,North,2023-12-13,1229
348,Shoes,Women,1,4878,West,2023-12-14,4878
349,T-shirt,Unisex,3,3951,South,2023-12-15,11853
350,Watch,Women,3,4957,North,2023-12-16,14871
351,T-shirt,Unisex,1,2640,North,2023-12-17,2640
352,T-shirt,Men,3,2144,South,2023-12-18,6432
353,Shoes,Unisex,4,3300,South,2023-12-19,13200
354,Bag,Men,2,641,West,2023-12-20,1282
355,T-shirt,Unisex,2,1955,North,2023-12-21,3910
356,Jeans,Women,2,2596,North,2023-12-22,5192
357,Bag,Unisex,1,1825,East,2023-12-23,1825
358,Watch,Unisex,3,1713,North,2023-12-24,5139
359,Shoes,Men,4,1659,West,2023-12-25,6636
360,Watch,Women,4,4999,East,2023-12-26,19996
361,Bag,Unisex,1,840,East,2023-12-27,840
362,Bag,Women,4,4328,East,2023-12-28,17312
363,Bag,Unisex,4,2468,South,2023-12-29,9872
364,Watch,Unisex,4,1203,South,2023-12-30,4812
365,Bag,Women,4,4913,North,2023-12-31,19652
366,Watch,Unisex,3,2929,East,2024-01-01,8787
367,Bag,Women,4,2300,West,2024-01-02,9200
368,Jeans,Unisex,2,1355,South,2024-01-03,2710
369,Bag,Men,1,2312,West,2024-01-04,2312
370,Watch,Women,3,3366,West,2024-01-05,10098
371,T-shirt,Unisex,4,4142,South,2024-01-06,16568
372,Bag,Unisex,3,682,South,2024-01-07,2046
373,T-shirt,Men,4,3612,South,2024-01-08,14448
374,Jeans,Women,2,4992,South,2024-01-09,9984
375,Shoes,Unisex,1,2017,East,2024-01-10,2017
376,Jeans,Men,4,1856,East,2024-01-11,7424
377,Bag,Unisex,4,2674,East,2024-01-12,10696
378,T-shirt,Women,4,4129,East,2024-01-13,16516
379,T-shirt,Unisex,4,4128,North,2024-01-14,16512
380,Watch,Unisex,1,4596,East,2024-01-15,4596
381,T-shirt,Unisex,1,3739,South,2024-01-16,3739
382,Watch,Unisex,2,4191,West,2024-01-17,8382
383,Shoes,Men,1,518,East,2024-01-18,518
384,Bag,Men,4,3903,North,2024-01-19,15612
385,Watch,Women,2,3504,South,2024-01-20,7008
386,Shoes,Men,2,1632,West,2024-01-21,3264
387,T-shirt,Men,2,3839,West,2024-01-22,7678
388,T-shirt,Women,4,3811,East,2024-01-23,15244
389,Shoes,Men,3,3872,West,2024-01-24,11616
390,T-shirt,Men,4,1487,East,2024-01-25,5948
391,Shoes,Women,1,3821,East,2024-01-26,3821
392,Watch,Women,1,673,South,2024-01-27,673
393,Watch,Women,4,4241,South,2024-01-28,16964
394,Shoes,Unisex,4,3552,North,2024-01-29,14208
395,Watch,Unisex,2,1226,South,2024-01-30,2452
396,Watch,Women,4,4260,South,2024-01-31,17040
397,Watch,Women,2,2375,East,2024-02-01,4750
398,Jeans,Women,1,4533,South,2024-02-02,4533
399,Bag,Unisex,2,1489,East,2024-02-03,2978
400,T-shirt,Unisex,4,4244,East,2024-02-04,16976
401,Jeans,Men,1,3186,South,2024-02-05,3186
402,Watch,Men,3,919,North,2024-02-06,2757
403,Shoes,Women,2,1093,North,2024-02-07,2186
404,Watch,Unisex,1,2274,West,2024-02-08,2274
405,Bag,Unisex,2,2959,West,2024-02-09,5918
406,Watch,Unisex,1,1435,South,2024-02-10,1435
407,Shoes,Women,1,4308,North,2024-02-11,4308
408,Bag,Men,2,831,East,2024-02-12,1662
409,Watch,Women,3,3949,West,2024-02-13,11847
410,Bag,Men,1,3202,East,2024-02-14,3202
411,T-shirt,Men,1,4506,West,2024-02-15,4506
412,T-shirt,Women,1,4368,South,2024-02-16,4368
413,Watch,Men,3,4700,North,2024-02-17,14100
414,Bag,Men,3,701,West,2024-02-18,2103
415,Shoes,Unisex,4,2997,North,2024-02-19,11988
416,Watch,Men,2,2342,East,2024-02-20,4684
417,T-shirt,Women,3,2366,South,2024-02-21,7098
418,T-shirt,Women,2,2496,North,2024-02-22,4992
419,Watch,Men,4,1409,South,2024-02-23,5636
420,Bag,Unisex,2,4805,North,2024-02-24,9610
421,T-shirt,Unisex,3,3689,East,2024-02-25,11067
422,Bag,Men,2,1270,East,2024-02-26,2540
423,T-shirt,Men,3,3655,South,2024-02-27,10965
424,T-shirt,Women,2,3001,East,2024-02-28,6002
425,Jeans,Men,3,3214,West,2024-02-29,9642
426,T-shirt,Unisex,3,4085,North,2024-03-01,12255
427,Shoes,Men,2,2128,East,2024-03-02,4256
428,Watch,Women,4,886,West,2024-03-03,3544
429,Watch,Women,1,3921,South,2024-03-04,3921
430,Bag,Women,4,4508,West,2024-03-05,18032
431,T-shirt,Women,2,4593,South,2024-03-06,9186
432,Shoes,Women,4,4863,South,2024-03-07,19452
433,Bag,Men,3,2966,North,2024-03-08,8898
434,Jeans,Men,1,2782,North,2024-03-09,2782
435,Bag,Men,2,2356,West,2024-03-10,4712
436,Bag,Men,2,2498,North,2024-03-11,4996
437,T-shirt,Women,2,1736,North,2024-03-12,3472
438,Jeans,Unisex,1,4644,North,2024-03-13,4644
439,Bag,Men,3,1650,West,2024-03-14,4950
440,Shoes,Unisex,2,4818,East,2024-03-15,9636
441,Shoes,Men,4,1931,North,2024-03-16,7724
442,Watch,Men,2,2319,North,2024-03-17,4638
443,Jeans,Unisex,2,2824,West,2024-03-18,5648
444,Jeans,Women,2,1630,East,2024-03-19,3260
445,Watch,Men,2,3158,North,2024-03-20,6316
446,Bag,Men,3,4000,South,2024-03-21,12000
447,Jeans,Men,4,874,West,2024-03-22,3496
448,Shoes,Unisex,3,2620,North,2024-03-23,7860
449,Shoes,Women,4,4520,North,2024-03-24,18080
450,T-shirt,Unisex,2,2521,South,2024-03-25,5042
451,Jeans,Unisex,1,4205,South,2024-03-26,4205
452,Bag,Women,3,3759,West,2024-03-27,11277
453,Watch,Unisex,1,3935,West,2024-03-28,3935
454,Watch,Women,3,2389,South,2024-03-29,7167
455,Bag,Men,2,2323,West,2024-03-30,4646
456,T-shirt,Women,3,1974,South,2024-03-31,5922
457,Watch,Men,2,2742,North,2024-04-01,5484
458,Jeans,Unisex,3,3743,South,2024-04-02,11229
459,T-shirt,Unisex,2,3634,South,2024-04-03,7268
460,Jeans,Men,2,2570,East,2024-04-04,5140
461,Shoes,Unisex,4,859,South,2024-04-05,3436
462,T-shirt,Women,2,2541,South,2024-04-06,5082
463,Watch,Men,4,1641,East,2024-04-07,6564
464,T-shirt,Unisex,2,2135,West,2024-04-08,4270
465,T-shirt,Men,1,4500,East,2024-04-09,4500
466,T-shirt,Women,2,2443,North,2024-04-10,4886
467,T-shirt,Women,1,3861,East,2024-04-11,3861
468,Jeans,Unisex,1,3480,North,2024-04-12,3480
469,Shoes,Women,2,506,West,2024-04-13,1012
470,Bag,Men,1,3767,East,2024-04-14,3767
471,T-shirt,Women,4,2091,East,2024-04-15,8364
472,Watch,Men,3,3764,West,2024-04-16,11292
473,T-shirt,Men,2,3106,North,2024-04-17,6212
474,Watch,Women,1,3719,East,2024-04-18,3719
475,Jeans,Unisex,2,3773,North,2024-04-19,7546
476,Watch,Women,4,1413,East,2024-04-20,5652
477,Bag,Men,2,2511,South,2024-04-21,5022
478,Shoes,Men,2,1942,East,2024-04-22,3884
479,Watch,Women,1,3554,West,2024-04-23,3554
480,Watch,Unisex,4,4046,West,2024-04-24,16184
481,Shoes,Unisex,3,4721,North,2024-04-25,14163
482,Bag,Men,3,3428,East,2024-04-26,10284
483,T-shirt,Men,1,2329,North,2024-04-27,2329
484,Watch,Unisex,2,1075,North,2024-04-28,2150
485,Shoes,Women,1,1429,South,2024-04-29,1429
486,Jeans,Men,1,4259,South,2024-04-30,4259
487,Shoes,Men,1,4199,West,2024-05-01,4199
488,Jeans,Unisex,2,1963,North,2024-05-02,3926
489,Bag,Women,4,3775,West,2024-05-03,15100
490,T-shirt,Unisex,1,1554,East,2024-05-04,1554
491,Shoes,Women,2,2400,North,2024-05-05,4800
492,Watch,Women,4,1957,North,2024-05-06,7828
493,Bag,Women,1,1899,East,2024-05-07,1899
494,Shoes,Men,3,3915,East,2024-05-08,11745
495,Watch,Unisex,4,942,West,2024-05-09,3768
496,Shoes,Unisex,1,4150,West,2024-05-10,4150
497,Jeans,Women,4,1678,East,2024-05-11,6712
498,Shoes,Men,4,4958,West,2024-05-12,19832
499,Shoes,Men,4,1757,East,2024-05-13,7028
500,Shoes,Unisex,4,4134,North,2024-05-14,16536
501,Bag,Men,4,2341,North,2024-05-15,9364
502,Shoes,Men,4,2809,South,2024-05-16,11236
503,Watch,Women,1,1410,North,2024-05-17,1410
504,Jeans,Men,3,4840,East,2024-05-18,14520
505,Jeans,Women,2,4509,West,2024-05-19,9018
506,Shoes,Unisex,4,2669,South,2024-05-20,10676
507,Bag,Men,2,2672,West,2024-05-21,5344
508,Bag,Unisex,1,623,East,2024-05-22,623
509,Watch,Unisex,4,3658,North,2024-05-23,14632
510,Shoes,Men,3,1285,South,2024-05-24,3855
511,Jeans,Men,2,2916,East,2024-05-25,5832
512,Bag,Unisex,4,1296,South,2024-05-26,5184
513,Shoes,Men,1,4672,South,2024-05-27,4672
514,Bag,Women,3,4654,North,2024-05-28,13962
515,Bag,Women,2,2436,East,2024-05-29,4872
516,Jeans,Men,2,2656,West,2024-05-30,5312
517,T-shirt,Unisex,4,4307,South,2024-05-31,17228
518,Watch,Men,3,1801,South,2024-06-01,5403
519,Watch,Men,3,4663,West,2024-06-02,13989
520,Jeans,Unisex,3,3640,East,2024-06-03,10920
521,Bag,Unisex,3,3736,South,2024-06-04,11208
522,Shoes,Women,1,2852,South,2024-06-05,2852
523,Bag,Unisex,3,2432,South,2024-06-06,7296
524,Jeans,Women,2,3221,East,2024-06-07,6442
525,Watch,Unisex,2,864,East,2024-06-08,1728
526,Bag,Men,1,2890,West,2024-06-09,2890
527,Watch,Women,2,1446,East,2024-06-10,2892
528,Shoes,Women,2,1877,East,2024-06-11,3754
529,Watch,Women,3,1939,North,2024-06-12,5817
530,Watch,Men,2,3680,West,2024-06-13,7360
531,T-shirt,Men,1,840,South,2024-06-14,840
532,T-shirt,Men,3,3489,East,2024-06-15,10467
533,T-shirt,Men,4,882,South,2024-06-16,3528
534,Watch,Men,3,2056,South,2024-06-17,6168
535,Jeans,Women,1,799,North,2024-06-18,799
536,Watch,Men,3,638,East,2024-06-19,1914
537,Jeans,Women,3,858,West,2024-06-20,2574
538,Jeans,Men,1,2022,East,2024-06-21,2022
539,T-shirt,Unisex,3,3956,South,2024-06-22,11868
540,Bag,Women,1,2127,West,2024-06-23,2127
541,Shoes,Unisex,1,1803,East,2024-06-24,1803
542,T-shirt,Women,4,1634,South,2024-06-25,6536
543,T-shirt,Unisex,2,2686,South,2024-06-26,5372
544,Bag,Men,2,3670,North,2024-06-27,7340
545,Shoes,Men,3,4335,North,2024-06-28,13005
546,Watch,Men,3,2651,North,2024-06-29,7953
547,Watch,Women,4,1737,South,2024-06-30,6948
548,T-shirt,Unisex,4,4235,East,2024-07-01,16940
549,Shoes,Men,4,3334,North,2024-07-02,13336
550,T-shirt,Unisex,1,4760,East,2024-07-03,4760
551,Jeans,Unisex,4,1498,North,2024-07-04,5992
552,T-shirt,Men,4,3067,West,2024-07-05,12268
553,T-shirt,Men,3,1807,West,2024-07-06,5421
554,Watch,Unisex,4,1156,North,2024-07-07,4624
555,Watch,Men,1,3160,South,2024-07-08,3160
556,Watch,Men,1,2711,North,2024-07-09,2711
557,Jeans,Men,3,2409,North,2024-07-10,7227
558,Watch,Women,4,4230,South,2024-07-11,16920
559,Shoes,Unisex,4,2546,West,2024-07-12,10184
560,Bag,Unisex,1,3662,East,2024-07-13,3662
561,Shoes,Women,4,1640,North,2024-07-14,6560
562,Shoes,Unisex,4,766,South,2024-07-15,3064
563,Watch,Men,4,2345,North,2024-07-16,9380
564,Bag,Unisex,2,2208,South,2024-07-17,4416
565,Bag,Men,3,4130,East,2024-07-18,12390
566,Bag,Women,2,3711,East,2024-07-19,7422
567,Jeans,Men,3,2793,West,2024-07-20,8379
568,Watch,Unisex,1,4232,South,2024-07-21,4232
569,Bag,Unisex,4,4329,South,2024-07-22,17316
570,Jeans,Unisex,3,2010,West,2024-07-23,6030
571,T-shirt,Women,2,975,West,2024-07-24,1950
572,T-shirt,Women,4,1476,South,2024-07-25,5904
573,Jeans,Unisex,1,1707,West,2024-07-26,1707
574,Jeans,Men,3,2460,East,2024-07-27,7380
575,Watch,Women,3,1057,North,2024-07-28,3171
576,Watch,Unisex,3,1382,East,2024-07-29,4146
577,T-shirt,Unisex,4,2694,West,2024-07-30,10776
578,Bag,Women,2,3167,South,2024-07-31,6334
579,T-shirt,Women,2,2110,South,2024-08-01,4220
580,Bag,Women,3,3988,East,2024-08-02,11964
581,Bag,Men,1,2954,South,2024-08-03,2954
582,Watch,Men,1,4994,West,2024-08-04,4994
583,Shoes,Unisex,2,2446,East,2024-08-05,4892
584,Shoes,Women,1,3308,South,2024-08-06,3308
585,Jeans,Men,2,4325,North,2024-08-07,8650
586,Watch,Women,3,4036,North,2024-08-08,12108
587,Bag,Unisex,2,4302,West,2024-08-09,8604
588,Shoes,Men,2,4677,South,2024-08-10,9354
589,Bag,Men,3,2470,West,2024-08-11,7410
590,Shoes,Men,1,4322,East,2024-08-12,4322
591,Shoes,Unisex,2,3319,North,2024-08-13,6638
592,Shoes,Women,2,1402,East,2024-08-14,2804
593,Watch,Men,3,864,South,2024-08-15,2592
594,T-shirt,Unisex,1,4758,West,2024-08-16,4758
595,Bag,Women,2,3619,West,2024-08-17,7238
596,Watch,Unisex,3,3058,West,2024-08-18,9174
597,Watch,Women,2,2363,East,2024-08-19,4726
598,Watch,Unisex,4,615,North,2024-08-20,2460
599,Watch,Women,3,2884,East,2024-08-21,8652
600,Watch,Men,1,4435,East,2024-08-22,4435
601,Jeans,Women,1,2990,South,2024-08-23,2990
602,Bag,Unisex,1,1442,South,2024-08-24,1442
603,Watch,Unisex,1,2224,South,2024-08-25,2224
604,Bag,Women,2,2834,North,2024-08-26,5668
605,Jeans,Men,2,3267,North,2024-08-27,6534
606,Jeans,Men,1,1637,South,2024-08-28,1637
607,Bag,Women,1,3027,South,2024-08-29,3027
608,Shoes,Women,1,4617,North,2024-08-30,4617
609,T-shirt,Unisex,2,3920,West,2024-08-31,7840
610,Shoes,Men,1,4406,North,2024-09-01,4406
611,Shoes,Women,1,4137,North,2024-09-02,4137
612,Shoes,Men,4,3453,North,2024-09-03,13812
613,Watch,Women,4,2867,South,2024-09-04,11468
614,Jeans,Women,1,4721,West,2024-09-05,4721
615,Shoes,Men,3,776,North,2024-09-06,2328
616,Jeans,Women,1,2499,South,2024-09-07,2499
617,Bag,Women,4,1727,East,2024-09-08,6908
618,T-shirt,Unisex,3,4252,East,2024-09-09,12756
619,Bag,Women,3,4235,North,2024-09-10,12705
620,Bag,Women,1,1195,East,2024-09-11,1195
621,Watch,Women,4,1809,West,2024-09-12,7236
622,T-shirt,Unisex,4,4652,East,2024-09-13,18608
623,Bag,Men,3,3734,East,2024-09-14,11202
624,Bag,Unisex,1,4614,West,2024-09-15,4614
625,T-shirt,Unisex,2,2811,North,2024-09-16,5622
626,T-shirt,Men,2,3341,North,2024-09-17,6682
627,Bag,Unisex,4,4708,West,2024-09-18,18832
628,T-shirt,Men,2,4059,West,2024-09-19,8118
629,Bag,Unisex,4,3898,West,2024-09-20,15592
630,Bag,Men,4,1041,East,2024-09-21,4164
631,Watch,Women,4,3194,West,2024-09-22,12776
632,Shoes,Unisex,2,1588,South,2024-09-23,3176
633,Bag,Unisex,4,3863,East,2024-09-24,15452
634,Jeans,Unisex,3,524,North,2024-09-25,1572
635,Shoes,Unisex,1,2072,North,2024-09-26,2072
636,Shoes,Women,1,3458,North,2024-09-27,3458
637,Shoes,Unisex,4,4736,East,2024-09-28,18944
638,Watch,Women,1,2267,South,2024-09-29,2267
639,Bag,Women,2,2735,West,2024-09-30,5470
640,Watch,Women,2,700,West,2024-10-01,1400
641,Bag,Women,1,3698,North,2024-10-02,3698
642,Watch,Men,2,756,North,2024-10-03,1512
643,Watch,Men,1,4247,East,2024-10-04,4247
644,Jeans,Unisex,1,2741,South,2024-10-05,2741
645,Watch,Men,1,3675,West,2024-10-06,3675
646,T-shirt,Men,4,4106,East,2024-10-07,16424
647,Jeans,Unisex,1,3836,West,2024-10-08,3836
648,Watch,Unisex,4,913,North,2024-10-09,3652
649,Shoes,Unisex,1,2514,West,2024-10-10,2514
650,T-shirt,Men,1,1881,South,2024-10-11,1881
651,T-shirt,Men,1,1598,South,2024-10-12,1598
652,T-shirt,Unisex,2,3926,North,2024-10-13,7852
653,Jeans,Women,4,4155,South,2024-10-14,16620
654,Watch,Unisex,4,1409,South,2024-10-15,5636
655,Watch,Women,1,687,East,2024-10-16,687
656,Shoes,Women,1,4544,West,2024-10-17,4544
657,Shoes,Unisex,2,4256,North,2024-10-18,8512
658,T-shirt,Unisex,2,2515,North,2024-10-19,5030
659,Shoes,Unisex,2,2592,North,2024-10-20,5184
660,Jeans,Men,4,4144,North,2024-10-21,16576
661,Watch,Women,4,2630,North,2024-10-22,10520
662,T-shirt,Men,4,857,South,2024-10-23,3428
663,Shoes,Men,1,2922,East,2024-10-24,2922
664,Jeans,Unisex,4,4757,North,2024-10-25,19028
665,Jeans,Men,3,1997,East,2024-10-26,5991
666,Shoes,Unisex,3,2658,East,2024-10-27,7974
667,Watch,Women,2,3055,South,2024-10-28,6110
668,Shoes,Unisex,4,2842,North,2024-10-29,11368
669,T-shirt,Men,3,3451,South,2024-10-30,10353
670,Shoes,Men,2,1738,North,2024-10-31,3476
671,Jeans,Unisex,4,1473,South,2024-11-01,5892
672,Shoes,Unisex,1,4465,East,2024-11-02,4465
673,Watch,Men,3,1550,North,2024-11-03,4650
674,Bag,Women,1,4201,West,2024-11-04,4201
675,Shoes,Women,4,3280,East,2024-11-05,13120
676,Watch,Unisex,3,2088,West,2024-11-06,6264
677,Watch,Women,4,4378,East,2024-11-07,17512
678,Jeans,Men,1,2868,South,2024-11-08,2868
679,Watch,Unisex,3,936,North,2024-11-09,2808
680,Watch,Men,1,3328,East,2024-11-10,3328
681,Watch,Men,4,2056,South,2024-11-11,8224
682,Watch,Women,4,4358,North,2024-11-12,17432
683,T-shirt,Unisex,1,1804,North,2024-11-13,1804
684,T-shirt,Unisex,3,2884,East,2024-11-14,8652
685,Jeans,Women,1,682,North,2024-11-15,682
686,Shoes,Men,4,2089,East,2024-11-16,8356
687,Watch,Men,1,2087,North,2024-11-17,2087
688,Shoes,Men,4,1159,West,2024-11-18,4636
689,Shoes,Men,1,659,South,2024-11-19,659
690,Jeans,Unisex,3,4453,West,2024-11-20,13359
691,Watch,Unisex,3,1511,East,2024-11-21,4533
692,Watch,Women,1,552,West,2024-11-22,552
693,Bag,Women,1,2807,East,2024-11-23,2807
694,Shoes,Unisex,3,1728,North,2024-11-24,5184
695,Shoes,Unisex,4,1535,North,2024-11-25,6140
696,T-shirt,Men,3,4202,East,2024-11-26,12606
697,Bag,Men,4,4545,West,2024-11-27,18180
698,T-shirt,Women,1,4949,North,2024-11-28,4949
699,T-shirt,Unisex,1,1764,South,2024-11-29,1764
700,T-shirt,Women,4,2384,North,2024-11-30,9536
701,Jeans,Unisex,1,2309,South,2024-12-01,2309
702,Jeans,Men,4,3667,West,2024-12-02,14668
703,T-shirt,Women,2,4297,South,2024-12-03,8594
704,Bag,Women,3,2841,South,2024-12-04,8523
705,Shoes,Unisex,2,3914,South,2024-12-05,7828
706,Bag,Men,4,1317,South,2024-12-06,5268
707,Watch,Women,3,2937,North,2024-12-07,8811
708,Jeans,Men,4,1388,South,2024-12-08,5552
709,Shoes,Women,3,1167,North,2024-12-09,3501
710,Shoes,Men,3,3124,South,2024-12-10,9372
711,Watch,Unisex,3,4732,East,2024-12-11,14196
712,Watch,Women,3,1318,West,2024-12-12,3954
713,T-shirt,Women,4,2688,South,2024-12-13,10752
714,Jeans,Men,3,1606,East,2024-12-14,4818
715,Jeans,Men,3,2724,South,2024-12-15,8172
716,Bag,Women,2,697,South,2024-12-16,1394
717,T-shirt,Unisex,1,3171,South,2024-12-17,3171
718,T-shirt,Men,1,3992,East,2024-12-18,3992
719,T-shirt,Men,2,2948,West,2024-12-19,5896
720,T-shirt,Men,2,970,East,2024-12-20,1940
721,Jeans,Women,4,2448,West,2024-12-21,9792
722,Jeans,Women,4,4399,South,2024-12-22,17596
723,T-shirt,Women,4,2510,North,2024-12-23,10040
724,Bag,Women,2,4300,South,2024-12-24,8600
725,Shoes,Unisex,2,4618,West,2024-12-25,9236
726,Shoes,Unisex,3,4296,East,2024-12-26,12888
727,Bag,Women,4,4488,South,2024-12-27,17952
728,T-shirt,Unisex,4,734,East,2024-12-28,2936
729,Jeans,Men,4,1428,East,2024-12-29,5712
730,Shoes,Men,1,4107,East,2024-12-30,4107
731,Watch,Men,3,1022,South,2024-12-31,3066
732,Watch,Women,4,4023,East,2025-01-01,16092
733,Bag,Men,4,2129,East,2025-01-02,8516
734,T-shirt,Unisex,4,1816,South,2025-01-03,7264
735,Shoes,Women,1,3357,East,2025-01-04,3357
736,T-shirt,Unisex,1,1624,South,2025-01-05,1624
737,Shoes,Men,2,3087,West,2025-01-06,6174
738,Bag,Men,3,1523,West,2025-01-07,4569
739,Bag,Men,2,1878,West,2025-01-08,3756
740,Watch,Women,3,3874,East,2025-01-09,11622
741,T-shirt,Unisex,1,2019,North,2025-01-10,2019
742,Watch,Women,4,726,North,2025-01-11,2904
743,T-shirt,Women,2,1391,East,2025-01-12,2782
744,Watch,Men,4,4572,North,2025-01-13,18288
745,Jeans,Women,2,2757,South,2025-01-14,5514
746,Jeans,Women,1,3288,North,2025-01-15,3288
747,Jeans,Men,1,896,East,2025-01-16,896
748,Jeans,Women,1,2578,East,2025-01-17,2578
749,Shoes,Men,2,4924,South,2025-01-18,9848
750,Jeans,Men,3,3737,West,2025-01-19,11211
751,Bag,Men,2,4393,East,2025-01-20,8786
752,Bag,Men,3,2505,South,2025-01-21,7515
753,Shoes,Women,2,2516,North,2025-01-22,5032
754,Jeans,Men,2,3671,North,2025-01-23,7342
755,Jeans,Men,1,3168,South,2025-01-24,3168
756,Jeans,Women,4,2378,South,2025-01-25,9512
757,Watch,Women,4,1696,East,2025-01-26,6784
758,T-shirt,Unisex,3,2272,North,2025-01-27,6816
759,Watch,Women,4,661,South,2025-01-28,2644
760,T-shirt,Women,2,4476,North,2025-01-29,8952
761,Jeans,Unisex,2,2251,South,2025-01-30,4502
762,Jeans,Women,1,1275,North,2025-01-31,1275
763,Watch,Women,1,1439,West,2025-02-01,1439
764,Watch,Women,4,3720,East,2025-02-02,14880
765,T-shirt,Women,3,1039,North,2025-02-03,3117
766,Bag,Unisex,4,1961,West,2025-02-04,7844
767,T-shirt,Women,4,855,North,2025-02-05,3420
768,Watch,Women,4,4104,North,2025-02-06,16416
769,Watch,Unisex,4,3823,West,2025-02-07,15292
770,Shoes,Men,2,734,North,2025-02-08,1468
771,Watch,Unisex,3,2048,North,2025-02-09,6144
772,Shoes,Men,2,2596,East,2025-02-10,5192
773,Bag,Unisex,3,4713,West,2025-02-11,14139
774,T-shirt,Unisex,1,2601,West,2025-02-12,2601
775,T-shirt,Women,4,2173,South,2025-02-13,8692
776,Shoes,Men,2,2600,North,2025-02-14,5200
777,T-shirt,Women,3,4157,East,2025-02-15,12471
778,Watch,Men,1,4096,North,2025-02-16,4096
779,Jeans,Unisex,1,4248,North,2025-02-17,4248
780,Shoes,Unisex,4,3673,South,2025-02-18,14692
781,T-shirt,Men,3,2315,North,2025-02-19,6945
782,Shoes,Women,2,4341,East,2025-02-20,8682
783,Shoes,Women,4,2505,East,2025-02-21,10020
784,Jeans,Women,2,4993,South,2025-02-22,9986
785,Watch,Women,1,1174,North,2025-02-23,1174
786,Shoes,Unisex,2,886,East,2025-02-24,1772
787,T-shirt,Unisex,2,2658,North,2025-02-25,5316
788,Bag,Unisex,4,3161,North,2025-02-26,12644
789,Shoes,Unisex,2,2564,North,2025-02-27,5128
790,Shoes,Unisex,4,4351,South,2025-02-28,17404
791,Jeans,Women,1,3753,North,2025-03-01,3753
792,Watch,Women,4,4766,East,2025-03-02,19064
793,Bag,Women,4,1239,North,2025-03-03,4956
794,T-shirt,Women,3,1901,East,2025-03-04,5703
795,Bag,Unisex,2,3759,North,2025-03-05,7518
796,T-shirt,Unisex,1,2777,East,2025-03-06,2777
797,Watch,Unisex,4,4404,East,2025-03-07,17616
798,T-shirt,Men,1,4423,North,2025-03-08,4423
799,Jeans,Women,3,4714,North,2025-03-09,14142
800,Jeans,Women,2,3727,East,2025-03-10,7454
801,Jeans,Unisex,4,3331,West,2025-03-11,13324
802,Jeans,Women,2,4258,South,2025-03-12,8516
803,Bag,Women,3,3012,West,2025-03-13,9036
804,Watch,Unisex,3,2651,West,2025-03-14,7953
805,T-shirt,Men,1,4175,North,2025-03-15,4175
806,T-shirt,Men,4,3245,South,2025-03-16,12980
807,Jeans,Men,1,4366,West,2025-03-17,4366
808,Jeans,Unisex,3,4264,North,2025-03-18,12792
809,Shoes,Women,2,2722,West,2025-03-19,5444
810,Watch,Unisex,1,3292,West,2025-03-20,3292
811,Bag,Unisex,1,2197,North,2025-03-21,2197
812,T-shirt,Women,2,3962,North,2025-03-22,7924
813,Shoes,Men,1,4563,North,2025-03-23,4563
814,Shoes,Men,2,2024,South,2025-03-24,4048
815,T-shirt,Unisex,4,532,West,2025-03-25,2128
816,Bag,Men,2,4525,North,2025-03-26,9050
817,Shoes,Unisex,4,3066,East,2025-03-27,12264
818,Shoes,Unisex,2,3303,West,2025-03-28,6606
819,Watch,Women,3,4396,East,2025-03-29,13188
820,Bag,Women,3,4209,South,2025-03-30,12627
821,Shoes,Women,4,1219,North,2025-03-31,4876
822,Bag,Unisex,4,1472,East,2025-04-01,5888
823,T-shirt,Women,3,4218,South,2025-04-02,12654
824,Jeans,Men,4,4902,North,2025-04-03,19608
825,Shoes,Men,2,2707,East,2025-04-04,5414
826,Watch,Unisex,2,4926,East,2025-04-05,9852
827,T-shirt,Unisex,3,4820,South,2025-04-06,14460
828,Bag,Women,1,3530,North,2025-04-07,3530
829,T-shirt,Unisex,2,4075,North,2025-04-08,8150
830,Shoes,Unisex,4,3616,East,2025-04-09,14464
831,Bag,Men,1,3785,East,2025-04-10,3785
832,Jeans,Men,1,1143,East,2025-04-11,1143
833,T-shirt,Women,2,694,North,2025-04-12,1388
834,Shoes,Unisex,2,4496,South,2025-04-13,8992
835,Watch,Unisex,1,988,South,2025-04-14,988
836,Bag,Men,1,2704,North,2025-04-15,2704
837,T-shirt,Unisex,3,3157,West,2025-04-16,9471
838,T-shirt,Men,4,3776,South,2025-04-17,15104
839,Jeans,Women,3,1602,East,2025-04-18,4806
840,Jeans,Men,2,1741,West,2025-04-19,3482
841,Watch,Unisex,3,1015,West,2025-04-20,3045
842,Watch,Women,3,892,South,2025-04-21,2676
843,Shoes,Men,3,1130,West,2025-04-22,3390
844,Shoes,Men,3,4216,West,2025-04-23,12648
845,Watch,Women,4,2347,South,2025-04-24,9388
846,Watch,Women,4,3155,South,2025-04-25,12620
847,Bag,Men,1,1479,West,2025-04-26,1479
848,Jeans,Unisex,2,3902,East,2025-04-27,7804
849,Shoes,Men,3,4371,North,2025-04-28,13113
850,Jeans,Women,1,777,West,2025-04-29,777
851,Jeans,Men,1,732,West,2025-04-30,732
852,Watch,Women,1,2052,East,2025-05-01,2052
853,Bag,Women,4,3770,West,2025-05-02,15080
854,T-shirt,Unisex,3,2909,West,2025-05-03,8727
855,Bag,Women,3,4012,North,2025-05-04,12036
856,Bag,Women,2,525,North,2025-05-05,1050
857,Jeans,Unisex,3,960,North,2025-05-06,2880
858,Bag,Women,3,4264,South,2025-05-07,12792
859,Shoes,Unisex,1,3931,South,2025-05-08,3931
860,Jeans,Unisex,2,3983,North,2025-05-09,7966
861,Shoes,Women,3,2494,North,2025-05-10,7482
862,T-shirt,Women,4,990,South,2025-05-11,3960
863,Jeans,Men,3,1572,East,2025-05-12,4716
864,T-shirt,Unisex,1,3673,West,2025-05-13,3673
865,Jeans,Men,4,715,West,2025-05-14,2860
866,Watch,Women,1,2223,North,2025-05-15,2223
867,Bag,Men,3,2092,East,2025-05-16,6276
868,Watch,Unisex,4,3106,South,2025-05-17,12424
869,T-shirt,Men,2,658,North,2025-05-18,1316
870,Bag,Unisex,2,3813,East,2025-05-19,7626
871,Jeans,Women,4,3341,East,2025-05-20,13364
872,Bag,Women,4,2276,East,2025-05-21,9104
873,Shoes,Unisex,1,2552,South,2025-05-22,2552
874,Bag,Women,4,2795,South,2025-05-23,11180
875,Shoes,Women,1,2196,West,2025-05-24,2196
876,Bag,Women,3,3493,West,2025-05-25,10479
877,Shoes,Women,1,2969,East,2025-05-26,2969
878,T-shirt,Unisex,4,2446,East,2025-05-27,9784
879,Watch,Men,4,4309,South,2025-05-28,17236
880,Jeans,Men,3,3283,West,2025-05-29,9849
881,Bag,Women,4,4144,East,2025-05-30,16576
882,Watch,Men,4,3000,West,2025-05-31,12000
883,Jeans,Men,2,4145,West,2025-06-01,8290
884,Jeans,Women,2,3145,East,2025-06-02,6290
885,Shoes,Women,3,2849,South,2025-06-03,8547
886,T-shirt,Men,1,2432,East,2025-06-04,2432
887,T-shirt,Unisex,2,3794,East,2025-06-05,7588
888,Watch,Women,1,2257,West,2025-06-06,2257
889,T-shirt,Unisex,4,1616,East,2025-06-07,6464
890,Bag,Men,2,3067,South,2025-06-08,6134
891,T-shirt,Women,3,3999,East,2025-06-09,11997
892,Watch,Unisex,3,992,South,2025-06-10,2976
893,T-shirt,Women,3,3806,South,2025-06-11,11418
894,Bag,Men,2,1119,West,2025-06-12,2238
895,Shoes,Unisex,1,3732,North,2025-06-13,3732
896,Watch,Men,4,4323,North,2025-06-14,17292
897,Shoes,Men,1,2880,West,2025-06-15,2880
898,Shoes,Women,1,2046,East,2025-06-16,2046
899,Shoes,Unisex,4,4063,West,2025-06-17,16252
900,Jeans,Men,4,2105,South,2025-06-18,8420
901,Jeans,Men,2,4252,North,2025-06-19,8504
902,Shoes,Unisex,2,2390,West,2025-06-20,4780
903,Watch,Men,2,1775,East,2025-06-21,3550
904,Bag,Men,2,3243,West,2025-06-22,6486
905,Bag,Unisex,2,2993,North,2025-06-23,5986
906,T-shirt,Unisex,4,856,West,2025-06-24,3424
907,Watch,Unisex,1,1369,West,2025-06-25,1369
908,Jeans,Unisex,2,1385,North,2025-06-26,2770
909,Shoes,Women,2,2501,South,2025-06-27,5002
910,T-shirt,Unisex,1,1783,South,2025-06-28,1783
911,Bag,Women,2,1119,North,2025-06-29,2238
912,Jeans,Women,1,1382,West,2025-06-30,1382
913,Jeans,Women,1,1296,North,2025-07-01,1296
914,Shoes,Men,4,4142,South,2025-07-02,16568
915,Bag,Women,3,3925,East,2025-07-03,11775
916,Watch,Women,4,1796,West,2025-07-04,7184
917,Jeans,Men,3,744,South,2025-07-05,2232
918,Shoes,Men,3,3395,West,2025-07-06,10185
919,Watch,Men,3,1429,North,2025-07-07,4287
920,Bag,Unisex,2,1019,East,2025-07-08,2038
921,Jeans,Men,4,3712,North,2025-07-09,14848
922,Watch,Men,3,2909,East,2025-07-10,8727
923,Watch,Women,1,507,West,2025-07-11,507
924,Watch,Men,2,3025,West,2025-07-12,6050
925,Jeans,Unisex,4,3923,North,2025-07-13,15692
926,Jeans,Men,3,2519,East,2025-07-14,7557
927,T-shirt,Unisex,1,4782,East,2025-07-15,4782
928,Bag,Men,4,4167,West,2025-07-16,16668
929,Shoes,Men,4,4171,North,2025-07-17,16684
930,Watch,Men,2,3301,East,2025-07-18,6602
931,T-shirt,Men,4,585,West,2025-07-19,2340
932,Shoes,Unisex,2,3615,South,2025-07-20,7230
933,T-shirt,Unisex,3,4732,North,2025-07-21,14196
934,Jeans,Women,2,2968,South,2025-07-22,5936
935,Watch,Unisex,1,4119,North,2025-07-23,4119
936,Shoes,Men,2,2136,West,2025-07-24,4272
937,Shoes,Women,1,4083,East,2025-07-25,4083
938,Shoes,Women,2,4509,East,2025-07-26,9018
939,Shoes,Women,4,3826,East,2025-07-27,15304
940,Shoes,Men,3,2718,North,2025-07-28,8154
941,T-shirt,Unisex,1,2717,West,2025-07-29,2717
942,Watch,Men,2,2869,South,2025-07-30,5738
943,Jeans,Women,2,4138,West,2025-07-31,8276
944,Jeans,Men,2,3003,South,2025-08-01,6006
945,Jeans,Men,4,1443,North,2025-08-02,5772
946,Jeans,Unisex,4,3337,North,2025-08-03,13348
947,T-shirt,Unisex,1,3160,South,2025-08-04,3160
948,Bag,Women,1,3436,South,2025-08-05,3436
949,Watch,Men,4,4944,South,2025-08-06,19776
950,Shoes,Men,1,4447,West,2025-08-07,4447
951,Bag,Unisex,3,2176,South,2025-08-08,6528
952,Jeans,Men,3,1696,North,2025-08-09,5088
953,Bag,Men,4,4605,North,2025-08-10,18420
954,Watch,Men,1,3287,East,2025-08-11,3287
955,Shoes,Unisex,2,1961,South,2025-08-12,3922
956,Shoes,Women,3,3818,West,2025-08-13,11454
957,Watch,Women,4,1166,West,2025-08-14,4664
958,Watch,Men,1,2676,West,2025-08-15,2676
959,Jeans,Women,4,4243,East,2025-08-16,16972
960,Shoes,Unisex,2,1100,North,2025-08-17,2200
961,Bag,Unisex,3,3152,West,2025-08-18,9456
962,T-shirt,Women,4,4922,North,2025-08-19,19688
963,T-shirt,Women,4,4324,East,2025-08-20,17296
964,Watch,Men,4,4406,South,2025-08-21,17624
965,Jeans,Women,2,1479,South,2025-08-22,2958
966,T-shirt,Men,4,2951,South,2025-08-23,11804
967,Shoes,Men,2,1128,West,2025-08-24,2256
968,Watch,Unisex,2,2129,South,2025-08-25,4258
969,Bag,Unisex,2,4196,West,2025-08-26,8392
970,Watch,Unisex,3,3930,East,2025-08-27,11790
971,Bag,Unisex,3,4174,East,2025-08-28,12522
972,Watch,Women,4,4429,West,2025-08-29,17716
973,Watch,Unisex,4,3265,North,2025-08-30,13060
974,Watch,Women,3,4869,South,2025-08-31,14607
975,Bag,Unisex,1,615,South,2025-09-01,615
976,Bag,Women,3,2503,South,2025-09-02,7509
977,Watch,Men,2,1192,West,2025-09-03,2384
978,T-shirt,Women,3,3662,East,2025-09-04,10986
979,Jeans,Women,2,1605,South,2025-09-05,3210
980,Jeans,Unisex,4,3508,East,2025-09-06,14032
981,Jeans,Women,1,2661,South,2025-09-07,2661
982,Bag,Men,4,653,South,2025-09-08,2612
983,Bag,Men,2,4199,West,2025-09-09,8398
984,T-shirt,Unisex,2,4910,North,2025-09-10,9820
985,Jeans,Men,2,4286,West,2025-09-11,8572
986,Jeans,Women,1,1564,South,2025-09-12,1564
987,Watch,Men,3,4700,South,2025-09-13,14100
988,Bag,Unisex,4,2413,North,2025-09-14,9652
989,Jeans,Women,4,1716,East,2025-09-15,6864
990,T-shirt,Unisex,3,2901,East,2025-09-16,8703
991,T-shirt,Women,4,2272,South,2025-09-17,9088
992,Jeans,Men,1,2460,East,2025-09-18,2460
993,Bag,Unisex,4,3280,South,2025-09-19,13120
994,T-shirt,Unisex,2,3371,North,2025-09-20,6742
995,Watch,Women,3,1160,North,2025-09-21,3480
996,T-shirt,Unisex,1,3135,South,2025-09-22,3135
997,Shoes,Women,3,2829,North,2025-09-23,8487
998,Shoes,Women,1,4454,West,2025-09-24,4454
999,Bag,Women,2,2950,West,2025-09-25,5900
1000,Jeans,Women,3,1632,North,2025-09-26,4896
